rev,date,author,files,subsystems,addedcode,repository
e36eeb5,2018-01-19,Praqma Service User,1,0,4,pretested-integration-plugin
4fa13db,2018-01-19,Praqma Service User,1,0,105,pretested-integration-plugin
3e5c7fb,2018-01-19,Praqma Service User,1,0,1,pretested-integration-plugin
635f178,2018-01-18,Praqma Service User,2,0,12,pretested-integration-plugin
fbc16ae,2018-01-17,Mads Nielsen,13,0,56,pretested-integration-plugin
be2f0c3,2018-01-17,Mads Nielsen,1,0,11,pretested-integration-plugin
9a3be83,2018-01-17,Mads Nielsen,1,0,2,pretested-integration-plugin
428067f,2018-01-17,Mads Nielsen,1,0,2,pretested-integration-plugin
2bcc765,2018-01-17,Mads Nielsen,1,0,10,pretested-integration-plugin
fc1ad82,2018-01-16,Mads Nielsen,2,0,7,pretested-integration-plugin
6774d1d,2018-01-16,Bue Petersen,1,0,206,pretested-integration-plugin
3422ca4,2018-01-16,Mads Nielsen,4,0,19,pretested-integration-plugin
e65633e,2018-01-15,Mads Nielsen,2,0,121,pretested-integration-plugin
76ada34,2018-01-15,Mads Nielsen,2,0,58,pretested-integration-plugin
73e868c,2018-01-12,Mads Nielsen,1,0,1,pretested-integration-plugin
70ae219,2018-01-12,Mads Nielsen,3,0,124,pretested-integration-plugin
573c6b8,2018-01-11,Mads Nielsen,1,0,10,pretested-integration-plugin
2dd79ff,2018-01-11,Mads Nielsen,1,0,92,pretested-integration-plugin
2562658,2018-01-11,Mads Nielsen,3,0,71,pretested-integration-plugin
1baf81e,2017-12-20,Claus Schneider (Praqma),1,0,5,pretested-integration-plugin
f5e0857,2017-12-06,Simon Grønborg,1,0,0,pretested-integration-plugin
efd4a4b,2017-12-04,Simon Grønborg,2,0,9,pretested-integration-plugin
cc74f8d,2017-12-04,Simon Grønborg,3,0,11,pretested-integration-plugin
7fc0484,2017-12-04,Simon Grønborg,1,0,5,pretested-integration-plugin
9121fe9,2017-11-22,Simon Grønborg,8,0,139,pretested-integration-plugin
8090a45,2017-10-12,Simon Groenborg,1,0,0,pretested-integration-plugin
462a2fa,2017-10-12,Simon Groenborg,2,0,6,pretested-integration-plugin
1122c8a,2017-10-12,Simon Groenborg,1,0,1,pretested-integration-plugin
c3ac667,2017-10-04,Mads Nielsen,11,0,73,pretested-integration-plugin
b5c3c69,2017-10-04,Simon Groenborg,1,0,1,pretested-integration-plugin
893ef0d,2017-10-04,Simon Groenborg,2,0,1,pretested-integration-plugin
fb603fd,2017-10-03,Simon Groenborg,3,0,19,pretested-integration-plugin
c7378f0,2017-10-03,Simon Groenborg,2,0,4,pretested-integration-plugin
aae2112,2017-10-03,Simon Groenborg,23,0,514,pretested-integration-plugin
aa5bfe4,2017-10-03,Simon Groenborg,3,0,6,pretested-integration-plugin
870db97,2017-10-03,Simon Groenborg,3,0,8,pretested-integration-plugin
5f92195,2017-10-03,Simon Groenborg,5,0,57,pretested-integration-plugin
3cf0be1,2017-10-03,Simon Groenborg,4,0,2,pretested-integration-plugin
31e3a82,2017-10-03,Simon Groenborg,6,0,4,pretested-integration-plugin
14d49c8,2017-10-03,Simon Groenborg,8,0,42,pretested-integration-plugin
fbab4f1,2017-10-02,Simon Groenborg,7,0,101,pretested-integration-plugin
f6e31b4,2017-09-29,Simon Groenborg,1,0,23,pretested-integration-plugin
d8be0fd,2017-09-29,Simon Groenborg,3,0,79,pretested-integration-plugin
76111f2,2017-09-29,Simon Groenborg,3,0,18,pretested-integration-plugin
a2b13e4,2017-09-28,Simon Groenborg,1,0,87,pretested-integration-plugin
5be983b,2017-09-28,Simon Groenborg,1,0,4,pretested-integration-plugin
4df0ae3,2017-09-28,Simon Groenborg,1,0,5,pretested-integration-plugin
3afcef5,2017-09-28,Simon Groenborg,1,0,5,pretested-integration-plugin
90547fc,2017-09-27,Florent Haxha,2,0,7,pretested-integration-plugin
588d254,2017-09-27,Simon Groenborg,1,0,1,pretested-integration-plugin
3277132,2017-09-27,Simon Groenborg,1,0,1,pretested-integration-plugin
bf8b2c9,2017-09-26,Florent Haxha,1,0,1,pretested-integration-plugin
6566b30,2017-09-26,Simon Groenborg,1,0,14,pretested-integration-plugin
4d341d8,2017-09-26,Simon Groenborg,24,0,1294,pretested-integration-plugin
0621c68,2017-09-26,Florent Haxha,5,0,3,pretested-integration-plugin
a7c5561,2017-09-20,Bue Petersen,1,0,2,pretested-integration-plugin
56e8726,2017-09-20,Bue Petersen,3,0,8,pretested-integration-plugin
40099cf,2017-09-20,Bue Petersen,3,0,6,pretested-integration-plugin
1f04565,2017-09-20,Bue Petersen,1,0,1,pretested-integration-plugin
cae1995,2017-09-12,Claus Schneider(Praqma),2,0,15,pretested-integration-plugin
145f35c,2017-09-07,Claus Schneider(Praqma),6,0,55,pretested-integration-plugin
c629528,2017-08-31,Claus Schneider(Praqma),4,0,16,pretested-integration-plugin
f4d28b9,2017-08-28,Claus Schneider(Praqma),8,0,53,pretested-integration-plugin
f0c9a89,2017-08-24,Claus Schneider(Praqma),5,0,92,pretested-integration-plugin
90ffaf8,2017-08-15,Claus Schneider(Praqma),3,0,71,pretested-integration-plugin
efd502a,2017-08-04,Claus Schneider(Praqma),23,0,1071,pretested-integration-plugin
69bbb35,2017-03-02,Thierry Lacour,1,0,1,pretested-integration-plugin
8f5d063,2017-03-01,Thierry Lacour,1,0,1,pretested-integration-plugin
1c2ef48,2017-02-03,Mads Nielsen,2,0,14,pretested-integration-plugin
2ce518f,2016-06-13,Mads Nielsen,1,0,2,pretested-integration-plugin
52a9d2d,2016-06-08,Mads Nielsen,2,0,2,pretested-integration-plugin
5775457,2016-06-02,Mads Nielsen,3,0,20,pretested-integration-plugin
b6d72e1,2016-04-06,Thierry Lacour,1,0,62,pretested-integration-plugin
ea9bd9c,2015-11-18,Thierry Lacour,4,0,212,pretested-integration-plugin
c1363d3,2015-11-18,Thierry Lacour,3,0,63,pretested-integration-plugin
3d2cd0c,2015-11-02,Thierry Lacour,2,0,174,pretested-integration-plugin
b91ba9b,2015-10-27,Thierry Lacour,26,0,535,pretested-integration-plugin
80d066a,2015-10-23,Mads Nielsen,1,0,11,pretested-integration-plugin
3f74109,2015-10-23,Mads Nielsen,2,0,152,pretested-integration-plugin
e8ed19c,2015-10-22,Thierry Lacour,2,0,42,pretested-integration-plugin
571778d,2015-10-22,Thierry Lacour,17,0,508,pretested-integration-plugin
146fefe,2015-10-22,Thierry Lacour,1,0,7,pretested-integration-plugin
019c19b,2015-10-22,Mads Nielsen,3,0,13,pretested-integration-plugin
0ce224f,2015-10-15,Thierry Lacour,36,0,768,pretested-integration-plugin
f3a2cac,2015-10-12,Thierry Lacour,3,0,7,pretested-integration-plugin
e24b770,2015-10-12,Mads Nielsen,3,0,3,pretested-integration-plugin
9f1778a,2015-10-12,Thierry Lacour,8,0,231,pretested-integration-plugin
13df72c,2015-10-12,Mads Nielsen,1,0,6,pretested-integration-plugin
9b6d14d,2015-09-23,Thierry Lacour,8,0,287,pretested-integration-plugin
a404263,2015-09-14,Thierry Lacour,2,0,134,pretested-integration-plugin
f93843a,2015-09-11,Thierry Lacour,4,0,66,pretested-integration-plugin
ad7569e,2015-08-27,Thierry Lacour,1,0,54,pretested-integration-plugin
9b4e052,2015-07-12,Bue Petersen,8,0,316,pretested-integration-plugin
a48f690,2015-07-07,Bue Petersen,7,0,270,pretested-integration-plugin
3495706,2015-07-07,Bue Petersen,3,0,3,pretested-integration-plugin
ea943f3,2015-06-29,Bue Petersen,4,0,349,pretested-integration-plugin
8702ef4,2015-06-29,Bue Petersen,3,0,12,pretested-integration-plugin
79f125e,2015-06-29,Bue Petersen,7,0,452,pretested-integration-plugin
7d9f16e,2015-05-27,Mads Nielsen,7,0,82,pretested-integration-plugin
86363f8,2015-04-15,Bue Petersen,1,0,28,pretested-integration-plugin
87c781b,2015-04-13,Bue Petersen,1,0,92,pretested-integration-plugin
bba9930,2015-04-05,Bue Petersen,2,0,13,pretested-integration-plugin
f7457d7,2015-04-01,Bue Petersen,2,0,45,pretested-integration-plugin
f222c75,2015-04-01,Bue Petersen,1,0,4,pretested-integration-plugin
98d03cb,2015-04-01,Bue Petersen,3,0,72,pretested-integration-plugin
15aa4e8,2015-03-31,Bue Petersen,6,0,690,pretested-integration-plugin
df43387,2015-03-06,Bue Petersen,1,0,36,pretested-integration-plugin
b3bfd2d,2015-03-06,Bue Petersen,2,0,12,pretested-integration-plugin
6050417,2015-03-06,Bue Petersen,5,0,1589,pretested-integration-plugin
1657040,2015-01-28,Andrius Ordojan,1,0,7,pretested-integration-plugin
da8b510,2015-01-27,Andrius Ordojan,1,0,49,pretested-integration-plugin
3d85657,2015-01-27,Andrius Ordojan,1,0,1,pretested-integration-plugin
052bc26,2015-01-27,Andrius Ordojan,1,0,75,pretested-integration-plugin
0135c4b,2015-01-27,Andrius Ordojan,1,0,3,pretested-integration-plugin
55029cb,2014-12-16,Mads Nielsen,4,0,290,pretested-integration-plugin
64208a4,2014-12-11,Bue Petersen,1,0,30,pretested-integration-plugin
e7412ff,2014-12-10,Bue Petersen,1,0,39,pretested-integration-plugin
9cda554,2014-12-09,Bue Petersen,1,0,1,pretested-integration-plugin
4523980,2014-12-09,Bue Petersen,4,0,88,pretested-integration-plugin
aa41c56,2014-12-07,Bue Petersen,1,0,3,pretested-integration-plugin
70cc37d,2014-12-07,Bue Petersen,2,0,2,pretested-integration-plugin
c9e2801,2014-12-03,Mads Nielsen,2,0,5,pretested-integration-plugin
703a6ca,2014-12-03,Mads Nielsen,15,0,594,pretested-integration-plugin
2a5bdc6,2014-12-03,Mads Nielsen,2,0,7,pretested-integration-plugin
1d0e650,2014-12-02,Bue Petersen,1,0,131,pretested-integration-plugin
f7ce714,2014-11-24,Mads Nielsen,2,0,127,pretested-integration-plugin
e110023,2014-11-24,Mads Nielsen,5,0,245,pretested-integration-plugin
475dfea,2014-11-24,Mads Nielsen,3,0,37,pretested-integration-plugin
22965d9,2014-11-24,Mads Nielsen,1,0,43,pretested-integration-plugin
e91d7bb,2014-11-14,Mads Nielsen,1,0,1,pretested-integration-plugin
89de823,2014-11-14,Mads Nielsen,2,0,2,pretested-integration-plugin
45fcae0,2014-11-10,Bue Petersen,1,0,5,pretested-integration-plugin
d649e78,2014-11-05,Mads Nielsen,3,0,53,pretested-integration-plugin
9a68e17,2014-11-05,Mads Nielsen,10,0,359,pretested-integration-plugin
2dea6cb,2014-11-05,Mads Nielsen,4,0,18,pretested-integration-plugin
efff1b1,2014-11-04,Mads Nielsen,2,0,5,pretested-integration-plugin
d57f720,2014-11-04,Mads Nielsen,5,0,34,pretested-integration-plugin
bdc8373,2014-11-04,Mads Nielsen,11,0,51,pretested-integration-plugin
ad26f89,2014-11-04,Mads Nielsen,1,0,1,pretested-integration-plugin
0c71a13,2014-11-04,Andrius Ordojan,10,0,154,pretested-integration-plugin
5d57e8f,2014-10-31,Mads Nielsen,1,0,0,pretested-integration-plugin
75da0ea,2014-10-03,Mads Nielsen,1,0,1,pretested-integration-plugin
9412baa,2014-09-30,Mads Nielsen,3,0,4,pretested-integration-plugin
58d4650,2014-09-30,Mads Nielsen,2,0,39,pretested-integration-plugin
123797f,2014-09-30,Mads Nielsen,4,0,43,pretested-integration-plugin
f6cd8c0,2014-09-29,Mads Nielsen,1,0,4,pretested-integration-plugin
decab30,2014-09-29,Andrius Ordojan,3,0,37,pretested-integration-plugin
7efffaa,2014-09-29,Andrius Ordojan,1,0,15,pretested-integration-plugin
6f660b7,2014-09-29,Mads Nielsen,3,0,9,pretested-integration-plugin
6b7edb2,2014-09-29,Bue Petersen,1,0,50,pretested-integration-plugin
686e067,2014-09-29,Bue Petersen,1,0,2,pretested-integration-plugin
95f2a28,2014-09-26,Andrius Ordojan,3,0,47,pretested-integration-plugin
832e847,2014-09-26,Andrius Ordojan,1,0,1,pretested-integration-plugin
4e2720e,2014-09-26,Mads Nielsen,2,0,36,pretested-integration-plugin
a5dfb7e,2014-09-25,Mads Nielsen,1,0,52,pretested-integration-plugin
1b97dc6,2014-09-25,Mads Nielsen,2,0,1,pretested-integration-plugin
f085eb2,2014-09-24,Mads Nielsen,1,0,44,pretested-integration-plugin
97713c7,2014-09-24,Andrius Ordojan,2,0,175,pretested-integration-plugin
946e89d,2014-09-24,Andrius Ordojan,1,0,0,pretested-integration-plugin
837d97c,2014-09-24,Mads Nielsen,1,0,0,pretested-integration-plugin
61167cc,2014-09-24,Andrius Ordojan,1,0,271,pretested-integration-plugin
3c42535,2014-09-24,Andrius Ordojan,1,0,43,pretested-integration-plugin
38f8335,2014-09-24,Mads Nielsen,4,0,75,pretested-integration-plugin
115f380,2014-09-24,Mads Nielsen,4,0,9,pretested-integration-plugin
15c9e02,2014-09-23,Andrius Ordojan,1,0,1,pretested-integration-plugin
6d9bc1f,2014-09-19,Mads Nielsen,5,0,480,pretested-integration-plugin
567be30,2014-09-19,Andrius Ordojan,2,0,228,pretested-integration-plugin
b8ea4fb,2014-09-18,Mads Nielsen,2,0,15,pretested-integration-plugin
ae374f4,2014-09-18,Andrius Ordojan,2,0,14,pretested-integration-plugin
a3b2dd6,2014-09-18,Mads Nielsen,2,0,49,pretested-integration-plugin
6d8873b,2014-09-18,Mads Nielsen,2,0,16,pretested-integration-plugin
271d748,2014-09-18,Mads Nielsen,2,0,3,pretested-integration-plugin
0040081,2014-09-18,Mads Nielsen,3,0,33,pretested-integration-plugin
a9c78e0,2014-09-16,Andrius Ordojan,2,0,23,pretested-integration-plugin
1fbe871,2014-09-08,Andrius Ordojan,1,0,7,pretested-integration-plugin
45f7af3,2014-09-05,Andrius Ordojan,2,0,327,pretested-integration-plugin
2c03f27,2014-09-05,Andrius Ordojan,1,0,16,pretested-integration-plugin
a9a59d6,2014-09-04,Andrius Ordojan,1,0,175,pretested-integration-plugin
9a9c1fc,2014-09-04,Andrius Ordojan,3,0,13,pretested-integration-plugin
6d9f618,2014-09-04,Andrius Ordojan,1,0,127,pretested-integration-plugin
282ae03,2014-08-22,Aske Olsson,1,0,1,pretested-integration-plugin
08877d4,2014-08-22,Aske Olsson,1,0,4,pretested-integration-plugin
daa6ceb,2014-08-21,Andrius Ordojan,1,0,1,pretested-integration-plugin
8416db4,2014-08-21,Andrius Ordojan,1,0,4,pretested-integration-plugin
4d130ec,2014-08-21,Andrius Ordojan,1,0,1,pretested-integration-plugin
2a74167,2014-08-21,Andrius Ordojan,1,0,1,pretested-integration-plugin
1b4bba9,2014-08-20,Andrius Ordojan,1,0,3,pretested-integration-plugin
d022700,2014-08-19,Andrius Ordojan,1,0,1,pretested-integration-plugin
51c0d9f,2014-08-19,Andrius Ordojan,1,0,1,pretested-integration-plugin
10bee82,2014-08-19,Andrius Ordojan,1,0,20,pretested-integration-plugin
0b3b5cb,2014-08-19,Andrius Ordojan,1,0,1,pretested-integration-plugin
ed61d1e,2014-08-18,Andrius Ordojan,1,0,1,pretested-integration-plugin
dce9194,2014-08-18,Andrius Ordojan,2,0,15,pretested-integration-plugin
dd8ae5c,2014-08-15,Andrius Ordojan,1,0,7,pretested-integration-plugin
7d0bf3c,2014-08-15,Andrius Ordojan,1,0,15,pretested-integration-plugin
0096fcf,2014-06-18,Jes Struck,3,0,551,pretested-integration-plugin
74c1289,2014-05-20,Mads Nielsen,1,0,0,pretested-integration-plugin
5eb352a,2014-05-20,Mads Nielsen,2,0,10,pretested-integration-plugin
0e91068,2014-05-19,Mads Nielsen,1,0,7,pretested-integration-plugin
a8082eb,2014-05-15,Mads Nielsen,7,0,41,pretested-integration-plugin
1937f11,2014-05-15,Mads Nielsen,1,0,0,pretested-integration-plugin
21bd775,2014-05-13,Mads Nielsen,4,0,24,pretested-integration-plugin
bb68788,2014-05-09,Mads Nielsen,1,0,29,pretested-integration-plugin
b9ecf7e,2014-05-02,Mads Nielsen,5,0,63,pretested-integration-plugin
3363041,2014-04-28,Mads Nielsen,4,0,39,pretested-integration-plugin
ed5f03e,2014-04-24,Mads Nielsen,1,0,3,pretested-integration-plugin
dcabe06,2014-04-24,Mads Nielsen,2,0,67,pretested-integration-plugin
b628988,2014-04-24,Mads Nielsen,1,0,2,pretested-integration-plugin
d1d1441,2014-04-23,Mads Nielsen,1,0,7,pretested-integration-plugin
626d89d,2014-04-23,Mads Nielsen,2,0,8,pretested-integration-plugin
47b817d,2014-04-15,Mads Nielsen,2,0,2,pretested-integration-plugin
b2bab1d,2013-12-06,Ronni Elken Lindsgaard,2,0,8,pretested-integration-plugin
155f070,2013-12-02,Ronni Elken Lindsgaard,1,0,3,pretested-integration-plugin
5e13c93,2013-10-19,Ronni Elken Lindsgaard,1,0,4,pretested-integration-plugin
5835a7e,2013-09-08,Ronni Elken Lindsgaard,1,0,32,pretested-integration-plugin
313cc82,2013-08-04,Ronni Elken Lindsgaard,1,0,17,pretested-integration-plugin
2e53213,2013-08-03,Ronni Elken Lindsgaard,1,0,11,pretested-integration-plugin
93f23f7,2013-07-26,Ronni Elken Lindsgaard,2,0,18,pretested-integration-plugin
3c46fdb,2013-07-10,Ronni Elken Lindsgaard,2,0,5,pretested-integration-plugin
6f8d84f,2013-07-03,Ronni Elken Lindsgaard,1,0,1,pretested-integration-plugin
ebcca37,2013-07-02,Ronni Elken Lindsgaard,1,0,2,pretested-integration-plugin
b7140ad,2013-07-02,Ronni Elken Lindsgaard,1,0,4,pretested-integration-plugin
9372def,2013-07-02,Ronni Elken Lindsgaard,1,0,3,pretested-integration-plugin
891178b,2013-07-02,Ronni Elken Lindsgaard,1,0,10,pretested-integration-plugin
7f60ede,2013-07-02,Ronni Elken Lindsgaard,1,0,1,pretested-integration-plugin
79e1b55,2013-07-02,Ronni Elken Lindsgaard,1,0,5,pretested-integration-plugin
5873eab,2013-07-02,Ronni Elken Lindsgaard,1,0,1,pretested-integration-plugin
2f9dcb6,2013-07-02,Ronni Elken Lindsgaard,2,0,115,pretested-integration-plugin
1475c49,2013-07-02,Ronni Elken Lindsgaard,1,0,13,pretested-integration-plugin
f5dd016,2013-07-01,Ronni Elken Lindsgaard,1,0,0,pretested-integration-plugin
d3ac640,2013-07-01,Ronni Elken Lindsgaard,1,0,1,pretested-integration-plugin
c96da1d,2013-07-01,Ronni Elken Lindsgaard,1,0,1,pretested-integration-plugin
1921604,2013-07-01,Ronni Elken Lindsgaard,1,0,76,pretested-integration-plugin
a786c18,2013-06-30,Ronni Elken Lindsgaard,2,0,42,pretested-integration-plugin
a5c0228,2013-06-30,Ronni Elken Lindsgaard,2,0,1,pretested-integration-plugin
7219138,2013-06-29,Ronni Elken Lindsgaard,1,0,28,pretested-integration-plugin
ee7c8aa,2013-06-20,Ronni Elken Lindsgaard,1,0,0,pretested-integration-plugin
a2c0259,2013-06-20,Ronni Elken Lindsgaard,1,0,3,pretested-integration-plugin
3708793,2013-06-10,Ronni Elken Lindsgaard,1,0,5,pretested-integration-plugin
e80fe8a,2013-06-08,Ronni Elken Lindsgaard,1,0,0,pretested-integration-plugin
17030ec,2013-06-05,Andreas Frisch,1,0,14,pretested-integration-plugin
d8c8504,2013-06-02,Alexander Uldall,1,0,3,pretested-integration-plugin
7be90f7,2013-06-02,Esben Skaarup,1,0,20,pretested-integration-plugin
559e84a,2013-06-02,Esben Skaarup,1,0,4,pretested-integration-plugin
aae43e2,2013-05-20,Alexander Uldall,1,0,11,pretested-integration-plugin
ba656f8,2013-05-19,Alexander Uldall,1,0,6,pretested-integration-plugin
60bc243,2013-05-19,Esben Skaarup,1,0,7,pretested-integration-plugin
e2d9928,2013-05-15,Esben Skaarup,1,0,6,pretested-integration-plugin
8ed58d8,2013-05-15,Alexander Uldall,1,0,6,pretested-integration-plugin
59d07d6,2013-05-06,Alexander Uldall,1,0,4,pretested-integration-plugin
79450cb,2013-05-04,Alexander Uldall,1,0,1,pretested-integration-plugin
7246a3e,2013-05-04,Ronni Elken Lindsgaard,1,0,2,pretested-integration-plugin
6863d8b,2013-04-28,Alexander Uldall,1,0,10,pretested-integration-plugin
5a2e02f,2013-04-26,Alexander Uldall,1,0,4,pretested-integration-plugin
f3b36be,2013-04-24,Esben Skaarup,1,0,3,pretested-integration-plugin
aa182d5,2013-04-24,Alexander Uldall,1,0,25,pretested-integration-plugin
15ec539,2013-04-24,Esben Skaarup,1,0,10,pretested-integration-plugin
11ee25b,2013-04-24,Esben Skaarup,1,0,3,pretested-integration-plugin
3d43b5b,2013-04-20,Andreas Frisch,1,0,40,pretested-integration-plugin
5df454e,2013-04-15,Esben Skaarup,1,0,37,pretested-integration-plugin
f92ab4b,2013-04-13,Alexander Uldall,1,0,1,pretested-integration-plugin
10670cf,2013-04-13,Andreas Frisch,1,0,1,pretested-integration-plugin
9a590e5,2013-04-02,Ronni Elken Lindsgaard,1,0,3,pretested-integration-plugin
154159b,2013-04-02,Andreas Frisch,1,0,200,pretested-integration-plugin
